5.963637800676338,-1.7522323835446572,1
-5.4970780418834275,-8.611795097566691,0
14.284668348809518,0.48899171065916247,1
-5.611950572008668,-7.620662676101599,0
-7.856681563086726,-7.385658172599189,0
-9.775622225590487,-6.66766038264282,0
12.434837425218292,1.9360033722202419,1
-1.0567698327070838,-3.8113185785013335,0
10.489197038589076,-3.070499151413325,1
-7.374010780474073,-3.2023635330539855,0
1.809556606738214,0.41527126555041666,1
-2.266587113716442,-1.8222093371897607,1
-3.488152055609168,-3.6269526912379138,0
-4.651225225694505,-0.9212788651323516,0
16.260331909091114,0.11719680833104737,1
14.904093615157041,1.4124317202081398,1
5.645325053808737,-1.6880798514972062,1
9.423679757243173,2.1163719692166163,1
13.393271369582571,-2.833060049826627,1
16.473555421924615,-1.3810656509669794,1
-11.105638006265833,-5.740032613596225,0
-2.072920240314571,-3.5814841975589617,0
18.54492954732595,0.7840783376183705,1
17.33471906759864,0.25769025735375417,1
-5.460503985861513,-5.961175632437215,0
4.9615207967720965,3.6796246600163567,1
1.0453159606870344,4.895559882486749,1
6.923010544964973,2.3156752388468673,1
16.676687834197267,3.3072139887799805,1
-7.7193989107535925,-5.195650413964426,0
-7.29704676116465,-2.089985006775381,0
-8.306867852121844,-6.172202455810645,0
-3.079321672733517,-3.6022996463400707,0
-7.61218601323716,-4.966017008269196,0
-4.074419249603629,-5.782764053351368,0
9.897531472534213,1.9794978393347586,1
15.838709223757114,0.5421829928428118,1
-9.386116338002395,-9.659787370740382,0
-6.166207266292799,-8.601028938183799,0
0.8554331412713188,-5.3715865640421105,0
-5.241396494139971,-5.6378108436781575,0
18.69267007379371,-0.9640690499405894,1
-2.3374227295520185,-8.456137096714647,0
5.950408512492374,-3.888208596106935,1
7.649244638800611,3.49621234207845,1
5.319780197366604,-0.9480457365475572,1
16.712616049951844,-2.9234021916714914,1
-4.194136646897292,-4.92865937094096,0
-3.985751906527366,-10.07561199282424,0
-6.98614792234769,-5.5866488225423145,0
14.047823999224835,-0.9268704779102785,1
7.149137245406962,1.2731965689415252,1
9.801585619320138,-1.2193294037234115,1
5.908100950207265,0.43375238608334227,1
11.142333159350063,1.2045489556917472,1
8.605109652892034,1.5819187597879631,1
-5.300234384860222,-7.715890270051596,0
-10.880466151708301,-4.348533900013213,0
15.847058538714757,-0.311969655743871,1
17.173678058575238,-0.9361704989989169,1
13.942735644906637,0.7372217082559482,1
-3.8351301444189216,-4.440441913493974,0
0.981730830088817,-8.92738843465402,0
-3.293013018969204,-6.380077107256459,0
7.86511993414179,0.42698289184294985,1
-4.666100168757535,-5.2322681073515085,0
1.210390195347344,-3.53691505876506,1
11.302160405371527,1.809834894167216,1
-10.983529662476414,-5.284918325401064,0
9.854533577639833,-2.125389615059567,1
9.189425017704924,-1.2149112251398848,1
-3.3447493433823783,-5.453140313146517,0
13.726222776289625,0.09108906009261986,1
7.9817792459101495,-1.6958019270691391,1
-6.778795929414977,-7.13060061181817,0
7.934244601630965,1.7105685470244754,1
11.090789539951302,0.7308546343740053,1
-1.752715306227432,-2.237275779561651,0
-1.5526340148502467,-4.358879122602701,0
-4.308605357188281,-7.095627275999972,0
-3.977627631951163,-2.9395019601204604,0
-5.639251310041468,-2.8138008377080737,0
-0.9377139329639488,-6.194820416411818,0
6.0059218925018465,0.9795337075851047,1
-4.199471449545494,-9.568798627010358,0
-4.442394400378856,-5.2490351395349535,0
-4.985416170030485,-6.029686281713289,0
-2.8053619435195207,-6.921428733037947,0
4.442694968765701,3.8075824688617037,1
11.662486247837347,-1.369621467270413,1
-8.55088224709853,-5.468670602138795,0
5.4759806207627095,1.8828825993924796,1
10.481825654582638,-1.0647830142539136,1
8.254073419467955,1.2129536237598795,1
-8.356750369200343,-5.7463001917247105,0
0.13869783231767752,-1.698057226709624,0
-8.650460195457011,-6.823070209078292,0
-5.237939170649613,-5.007555834290598,0
0.3999098184985508,-7.835271561300439,0
6.415030491755342,0.5188071999100831,1
5.743505780626968,0.11202492470742745,1
-8.601324486964629,-8.3390422816651,0
16.01497543161797,2.4712644224230718,1
-0.8573654364728824,-6.937331704929502,0
13.130937824346098,1.8491180473492426,1
11.295365782170627,-2.283296826630543,1
-1.8283697467561018,-8.987779100428869,0
-7.567544436557418,-7.416956983335625,0
2.8821568402855844,-0.7878306829543251,1
10.351586215720838,-5.128086158553015,1
-3.1380451418805,-6.816967015444384,0
13.770649799150657,0.6981488744593326,1
11.44685350604208,0.3825762863013868,1
-6.1024877309657,-8.036122231077531,0
13.647511039005758,-2.2215541940241765,1
9.489994203879691,0.9846305897098845,1
7.487829812913494,0.15693196955615082,1
-7.2139172911356635,-4.184807735109786,0
2.4163598827571295,-5.294980252522506,0
-12.913661212584978,-7.7805672742917125,0
8.999703980670082,-0.07887728473396702,1
-3.7488350008060145,-6.36587540720964,0
7.95851067663036,-3.4751203942302804,1
7.292599714104637,-2.7204974896066094,1
10.84144804385597,3.3954352743884004,1
1.024550374751902,-2.826649020069419,1
8.496926436156185,1.382727533614757,1
8.884739055293942,-1.8776523362571407,1
8.821680870154278,0.37676287948327514,1
10.924080820066155,1.1009251300794025,1
-6.9700390091742594,-7.086509998144121,0
-3.4363935748700114,-9.502420930142387,0
-4.285060619616202,-7.234404737709851,0
-4.158459460484676,-2.9552223732911465,0
2.6234055268398917,-0.7220649845519389,1
11.34468191043826,-0.789170945533293,1
0.13119437795911715,-7.056893123393815,0
-2.1838511606320137,-7.424655189539266,0
-2.4559507229425344,-6.073068006627888,0
-2.547061043941272,-5.227466948954323,0
-6.6687884123053305,-3.7051604728856664,0
1.7594171586558236,0.30149566069709804,1
8.90752821656751,0.47526389123079127,1
-4.283320987213376,-3.5038299550155254,0
7.395545323937961,0.24812875505003426,1
-1.1639466112085826,-5.356226486663293,0
17.96090892813671,-1.0092348602478252,1
19.3311118776073,-0.9529513889333792,1
5.200040534473636,-1.4739569692344954,1
-5.377221365593985,-7.204047783384959,0
-1.8262962191994476,-6.839136930127183,0
19.26040611064155,-0.29768762682346583,1
6.1384105766543104,1.335490713392336,1
14.35914070650676,-0.7608423904953329,1
-3.893184323427325,-6.088807352021209,0
-6.041875860583156,-4.989021116931838,0
-5.110119047285,-9.43022566674324,0
15.008459054934098,2.944341789194984,1
17.509151723981553,-0.6825164941102654,1
9.794612979355088,3.618563850802644,1
-2.3287282733117367,-8.718950814821053,0
9.966834147522903,3.228713988821625,1
-4.035804033182242,-4.9922947542923195,0
12.72772254108802,-0.8784448703862129,1
-4.697833661739734,-7.4252648841514635,0
-8.105493918301486,-7.9064825146419295,0
8.244874105276146,-1.6403242201026142,1
-6.3419822516803706,-7.424390169459595,0
0.12769203692873266,-2.489298666763108,0
11.765737360219173,1.1834265582525658,1
-3.700300365383179,-9.740660845766095,0
-2.5262968893976705,-4.023198615539046,0
6.315122782245227,0.5513312470594232,1
-6.482674887594034,-5.217329284803156,0
12.584696511274842,-1.4444712768131045,1
-7.084577440486145,-6.148078542455484,0
-3.1440558310739695,-4.897552513208119,0
-7.68601105428968,-2.3804227814667036,0
-6.02185263949487,-4.931749262297793,0
-9.860249938744577,-7.024110464801932,0
9.069408755566569,-1.457119851992845,1
-0.33151933329525995,2.1032866274813995,1
16.833815588384866,-0.3711837867280651,1
-7.954375107980471,-4.068222089706254,0
11.730444267596276,0.8740095656669158,1
-2.3012546747151204,-5.213846364332019,0
6.030738313783706,0.3580211099349856,1
9.599936516951278,-0.686909987967223,1
11.74689795016962,0.36644898032968676,1
-4.892566561328619,-6.737134126014124,0
9.644320691468423,-4.331492020378855,1
11.277886023916155,5.062112506869502,1
-1.6634919401596968,-5.7576903352272675,0
-7.456380990143639,-8.03740583117674,0
8.668139220110364,-1.2242361784741664,1
7.847989897687919,-0.6731780011964126,1
-4.850072954365446,-4.512983140220911,0
6.352334355527595,3.28880704336187,1
-0.4869779294762764,-5.091594672601623,0
-5.654411836409537,-4.966246463569614,0
0.0016193444182395211,-4.912640394789353,0
0.12637593560943827,-5.205813129863801,0
5.283959777708859,-2.719830538182868,1
-7.055762368215879,-4.24674483363089,0
13.938716594583806,-3.186096916058862,1
9.99345826460197,-0.5925080123785297,1
4.428732494526276,-1.9938166205407992,1
10.747867109196465,0.45077862341717756,1
-8.84041791939617,-6.095376259460819,0
-6.034926476242445,-6.2034670363172815,0
-5.477107902189742,-4.513465916247157,0
-8.716615065793494,-4.8064179143576995,0
-2.788186992868895,-7.646934054802363,0
9.622817353364077,-1.6155078005381447,1
-3.406635567045377,-3.7122533408424205,0
16.993699326264817,1.2209343772396555,1
-4.0484692294773605,-2.26612041239609,0
-2.5163715955562846,-4.683918729198412,0
12.060618492320637,-3.3691886822224126,1
-2.805439787537722,-0.0025562781212720154,0
-3.7722129224969727,-4.364989262459491,0
-2.7658649041718726,-7.431191402702774,0
14.4133165530994,1.4179031652388991,1
-0.38655748077826724,-7.3232728174443205,0
12.43639431812494,0.0033993649852779154,1
-4.353777615442631,-3.5963123918096405,0
5.41820557067747,1.0629183645662579,1
4.925553477632784,-0.7020681742820138,1
1.1571013186956112,-3.2712085617835176,0
-2.7253699210852513,-3.9557206699793204,0
2.7469808241142974,-0.2827117447452974,1
9.066109368545085,-1.4513291931097758,1
13.449905879319797,0.4242288733440527,1
-1.5474002577030546,-7.895388966575425,0
17.553644944346456,-1.5867036581702088,1
-3.272154610177341,-4.966259869527519,0
8.369207755035736,2.2877800156933437,1
-12.625192385930163,-6.395039893177636,0
-2.929419122009209,-8.9300222316946,0
-2.957022175394397,-8.158971609550196,0
13.655769003106386,0.14815450113700088,1
15.770468257197226,0.23577116336114132,1
7.021454664816451,1.0719603351444822,1
9.361446254986282,4.9011146899806715,1
-10.283590844002353,-7.5816869136654,0
2.191715955448343,1.8882927846276911,1
13.530413059713856,1.7066963193669464,1
9.493822913960152,-2.7624062468767696,1
8.304967308134378,1.6879544083600133,1
0.5271273968881358,-5.35828669845187,0
-2.4782841574435204,-6.433061474824056,0
0.11608038114938068,-0.3021299474828961,1
13.891905308353929,-4.632472572683965,1
17.60966764669715,1.108771838409679,1
-5.973807538598375,-2.8341659408096533,0
1.08641976607821,-7.965813212661861,0
16.043727472505047,1.2758942156573208,1
0.1323493789067367,-3.1138496870261494,0
-5.385716048968289,-5.968122696129294,0
-4.588013704878671,-7.032372978697029,0
-4.5605783601782,-4.5142590278210495,0
-2.685889467385568,-9.574304014804962,0
2.0055770849565384,1.4824711368700445,1
4.918274900976821,-0.7530793141655125,1
17.72275826126159,-0.9185591006798125,1
5.51026844093334,-0.16097283682000257,1
3.854600102730336,-1.5628204649793258,1
-5.234715107063343,-5.5620638199082215,0
4.735523273240419,-0.8967644493068214,1
1.278880537373139,-6.485987222413036,0
-5.650607059561591,-8.554585956108037,0
3.1615782742772716,-1.5703290312160991,1
13.048138778995153,1.793091319056937,1
6.2624815009654125,1.9508958838465777,1
9.579708219728172,-2.336440704869042,1
9.837500676857067,3.679964851719629,1
-2.8386018497848955,-5.857722877575412,0
-8.465305568065011,-7.5021470714137655,0
-0.010710633303108619,-6.347692881278442,0
20.076347903110545,1.2165169914721246,1
2.1368438613686145,-0.7421847644436204,1
13.90905821241865,-2.567358728972317,1
27.35774036183722,-0.842607460103783,1
-8.663957095544035,-10.095773092374834,0
-8.363068160544358,-5.933620157112215,0
-5.257338730867471,-7.090104834882112,0
-4.158713868790057,-3.8791938737096845,0
16.60505058930068,2.857592274443354,1
10.270489812437749,3.354276907050059,1
13.7141748224331,0.5177324525354413,1
-2.7916615157890936,-9.40623528046476,0
-8.647234551619686,-1.7366082547614612,0
-4.610079041155834,-3.2378137478564764,0
-1.543331835386975,-5.353069958975553,0
13.914818020567404,-3.7839776859579723,1
16.740305221673605,1.4471419582363856,1
10.016295454818689,0.4079516513842708,1
-5.4913864670358485,-1.4905212350125137,0
7.017433213975443,2.8533887011379795,1
8.994659881806193,1.229229642376341,1
-8.32938423999456,-7.317033570870989,0
-1.0652472254082674,-7.248358807836998,0
-5.506072370650127,-3.617566008177508,0
11.706493160279171,1.2183158866514514,1
4.883017477483605,-0.41562014872286795,1
4.201693231891383,-2.1846597271130235,1
0.17740896365340575,-2.304969590301435,0
13.523196120850695,-2.6254472722188074,1
-5.188077013700061,-6.067235479671427,0
0.7119981876776249,-6.351029545837764,0
10.723080997438881,-2.2256956249944206,1
7.843658918950576,2.104004445278798,1
0.49568576113476404,-7.000836072967579,0
13.373682607802465,-2.64998197939321,1
0.05742836389545314,-5.71878359100892,0
-3.1637744027831585,-7.757970440524742,0
18.16723456242846,-2.8499473736992904,1
-2.2929156181477497,-6.415397186665708,0
-3.81655543106048,-4.982412704324838,0
8.555232966151065,-1.868661350986045,1
3.3124054941119745,-0.40943909004983103,1
-1.7847755872287232,-5.798300295258907,0
7.912122191204279,-0.46037262617041885,1
-2.3942038378452257,-3.716730933384033,0
12.211249302492282,-1.689160788029838,1
-7.283405468210944,-8.894996244263329,0
-7.042877941789131,-4.078455777459702,0
12.952099327864508,-0.16395727109041644,1
-0.08862627442580928,-3.917526631508796,0
17.88664058853581,0.9041339333833818,1
13.240630297746208,-0.30887103775808045,1
2.252584724865306,2.407940626036232,1
13.085053585205635,-1.5458344986747532,1
-2.396938434638681,0.8579862337279839,1
-6.1266838742035965,1.2916294430278767,1
24.623144865063686,-0.691142868657629,1
1.0903800946369895,-5.237755460835422,0
9.584956841832756,-2.745583541691467,1
11.360342327828262,3.0601746381470165,1
19.05901832611491,1.7727416050566176,1
4.872529179491968,1.6722604367250984,1
-6.66125189878913,-8.629380336913714,0
-6.545174990949935,-1.6579448957010694,0
15.92204693781756,-4.409278250432318,1
-5.108968541789812,1.746646760040735,1
-6.6585195570527285,-6.3813598396493925,0
-6.294547370283036,-2.3222477341472625,0
-6.696704771195816,-8.241089708486644,0
-4.565023349056284,-4.4912744146372745,0
-0.060766833831027434,-6.582575851641933,0
3.3201565641590385,-3.041693479608047,1
10.872128723778337,1.743366152110398,1
14.366773017386826,0.32080752560561915,1
-1.7568452688591707,-5.015983239220964,0
-2.9024188952161505,-4.787877736594406,0
-6.67230193091647,-5.492411795388592,0
4.6102290274601225,-5.186998733171323,1
-6.476038929361918,-4.893045187310756,0
17.194473978707723,1.1173125236405559,1
-9.12331726497446,-5.886884836025136,0
6.892518304621557,-0.6191084158958288,1
8.61402241694965,0.5698953082573653,1
-5.284980099870096,-8.39300110089042,0
-0.5326609839877583,-6.9567286721992,0
11.022148724164648,0.5975204212131068,1
-5.541652615595679,-7.336752649194576,0
-6.941905407617087,-5.743486311575718,0
10.200521743154477,1.831521356679709,1
11.416863561706608,2.6103861119379084,1
-8.458866600505035,-2.849290268319823,0
-4.957109847086537,-6.426160591257369,0
10.987439790951651,0.6472199824128801,1
3.626903528557887,0.167338069986554,1
-5.528755008335993,-4.942796696052078,0
8.081571445083544,1.5051492675804174,1
12.663512814795709,0.9640442125961587,1
7.330666636977259,3.7924942006423237,1
-2.680801507682026,-4.130038904504584,0
6.124815124407266,-0.5818684600589038,1
-2.3181021304040956,-4.1107411584287625,0
9.80081627271833,-2.7021465536427303,1
12.785147353982952,2.8613158510072036,1
-10.302669063726261,-7.828491880416881,0
16.240079931090495,-4.719886010959945,1
-2.4002561544428147,-4.041795629456976,0
20.962381094994548,-2.9496075711169647,1
4.081980377893658,0.291165306921921,1
9.972277114525387,-2.1269236445390156,1
2.9700129356013267,0.9719256962414053,1
15.757436817205903,1.1522629317711197,1
-4.505272336909739,-7.435285599065303,0
-2.3837769111188196,-7.642562406991338,0
9.860870513588997,-1.674304685352317,1
9.014184697737242,-0.21481958197375153,1
14.857499664545658,-0.41955821789349534,1
-3.266334423368774,-10.617801589298429,0
4.952660096670836,-3.552292835576229,1
-5.752418549253697,-6.045758374803351,0
8.693079899421996,-0.9909321492793022,1
0.4522552689190906,-5.993218208132014,0
-7.886252243824385,-5.2816327709111635,0
7.357419386913229,-0.5880976449884276,1
1.1127198743566762,-5.832726027979992,0
-5.174643360897819,-8.322902729504104,0
15.260787336584997,-2.9208194364281086,1
-7.851488224826056,-4.366122802167128,0
-6.347253661573442,-7.9489370831349015,0
-3.5658572073102732,-5.85588938557825,0
-2.5253532088412864,-5.7854423091831615,0
12.309549699806482,-0.5484382048625861,1
9.437853278943454,0.09277825737793945,1
14.390952940745702,5.981538135330712,1
11.23188433010477,0.21587766376952658,1
7.351538694147067,2.31865390617224,1
-5.8412929942565555,-3.5683854232792425,0
4.237511171248321,-0.3559387871195732,1
10.573165191464575,0.6352348312936047,1
8.21012005268598,-0.5355705594070738,1
12.545506006205565,1.3817991278625508,1
13.162260066065837,-3.919362674123027,1
-9.817964517496293,-1.5591785186878955,0
12.030051600653024,0.8614999921317432,1
9.191545563872246,-3.2517636096875195,1
2.898422022251891,1.0974037329705093,1
9.294826920979895,1.1130992497897265,1
11.18499289984393,1.9591636923260236,1
-0.5470690689941602,-8.898195444568263,0
-1.951677601342778,-7.179932214058772,0
15.429469984513307,-0.05452216469697532,1
11.481850298950217,0.27363239362276126,1
4.408002740906506,1.869915404700716,1
13.975420079688918,-4.191207531832266,1
8.722342271478702,-1.748322266811486,1
-3.02941122759709,-6.183448048930832,0
-0.6657626664182379,-6.74353337281147,0
-8.036239719716464,-4.171630363871844,0
-7.120187326020211,-6.282949865022113,0
-3.486463569136463,-5.610762542791437,0
15.639957828070411,0.14734914591455872,1
-4.406475280590563,-2.9345441154836553,0
-0.3135030360264932,-4.454561856353231,0
-0.587440293775765,-4.895404107857825,0
-3.956151321153995,-4.363170207319351,0
-3.3006716866311634,-1.7477640675763118,0
-7.090153144707826,-2.6944519230183723,0
-2.6187047544174247,-5.05304716442093,0
0.20203314963175956,-2.4045438739924574,1
8.099857767311406,-0.8270214256635043,1
9.825582795143815,-2.2223895817866004,1
7.277031800574511,-1.3540368644403031,1
11.332712919910792,-0.16357704612764676,1
-2.208376916780793,-3.0548626104138896,0
6.439148412364181,-0.019603917377184907,1
5.813818437845197,2.141602912192626,1
14.110403119722957,-3.057891207090888,1
9.07607609290625,-0.46817177457167747,1
0.9061366497475563,-7.879147792466155,0
0.5959651305863325,1.17287735808597,1
12.368287829932573,2.6008975743031906,1
4.435297892396273,-5.752277102541544,0
-4.259529364107507,-5.699148821675255,0
7.642889477262441,-0.6977661334496935,1
-4.591415842052928,-6.872992276630975,0
-5.5262385514344325,-8.23815261739337,0
10.7384667973646,-1.2026951982163068,1
7.8397488432627185,-1.5653641853014975,1
-5.641925592488009,-11.88491981709765,0
7.012130497908689,4.089018707750359,1
6.974455379723588,4.062433851467798,1
18.106383202237318,-5.248935246166512,1
-0.2642578495030885,-6.986802901363134,0
13.722582202045961,4.343326484492072,1
-4.787792432329141,-8.780225294321486,0
14.506753404902195,-1.3858554403538477,1
-8.29609438838881,-5.078582422720525,0
8.982806204934127,-0.17760729886168672,1
1.501620343664495,-4.232719963947281,0
2.027300327176042,-6.594078807156409,0
-5.331762640843522,-5.416253803274034,0
0.3673872879054709,-6.931927026434235,0
-4.849808714620805,-9.190259445469163,0
10.30145983323686,-3.047984812853559,1
11.462859616820579,0.9076299336618641,1
-4.040614024362826,-4.696900617415517,0
5.394160162370629,-0.3247575924668901,1
-4.355926698225374,-5.658588292130752,0
-0.7733496031922003,-6.694557916421708,0
7.299082739353791,0.5971714087095444,1
13.406901321532278,-1.5452884577884287,1
-2.1814416846856393,-7.619855547010347,0
0.5329392704058273,-4.915463908860129,0
-6.245513444947323,-5.5490654382148055,0
7.376397852276442,0.9153867229587836,1
-2.5236941411842677,-10.980816843545597,0
9.405433471454563,-1.0624223884031923,1
-4.788312026407068,-5.228493660212193,0
11.368392503974954,1.2533138844891296,1
-4.753530335188337,-9.522039654462407,0
-3.835242378846412,-6.201026364859191,0
-2.064498323152177,-9.095905279376648,0
-0.6485514266589982,-6.363859932703564,0
14.606665183055078,-1.3638261554704694,1
1.2814670929988177,-4.0133677252197915,0
-4.7766576333446364,-10.019657059458385,0
-5.5847455496508704,-6.058610979929085,0
10.357211685714164,2.850366840981516,1
15.031887728049266,0.3476504164931746,1
-2.085212992643303,-1.9788989291449024,1
4.415011718221282,-0.7459306570880229,1
-10.78925459684,-6.90483095431155,0
-1.40144439267875,-4.860122053593253,0
-3.4280723718250674,-7.46397791701737,0
5.644543954092052,-3.3850022064649763,1
6.407741094572986,-1.515578352590302,1
4.714214005785448,-0.6058001932962692,1
-4.060910399952997,-8.895581327025917,0
-9.013197885716988,-8.710525930910809,0
16.977599047048272,3.2832584484069547,1
-4.6725067373066995,-7.635914288846443,0
7.245213282118682,-2.462212123009693,1
9.994975792556872,-0.27608451541975865,1
5.974871221779115,-0.8778404833091336,1
-6.698076745538451,-6.085868780754079,0
-2.2239425657430036,-7.24693103872535,0
12.58043810992192,-0.3063184710736852,1
9.536179572411427,1.291061758564094,1
5.609056041561957,3.0248662962343515,1
2.15222259048704,1.20029290766855,1
14.080946622974842,0.452180852330031,1
5.307453908210874,-2.6838945797178364,1
-9.427303501711915,-5.837459836811873,0
10.10307891199304,-1.975372879370592,1
13.72860273922755,0.396740170652169,1
14.57422803790148,3.9516027208736713,1
14.096841277784137,-1.0052055780168814,1
-6.22376018473775,-3.015229050928761,0
-0.23783048306147103,-3.064884242455441,0
18.3302120121444,-0.06958369777956352,1
-5.043990866978801,-6.674080295671214,0
4.204785336135874,3.2568578707167783,1
11.617569013910705,2.1955163282772894,1
-1.3577156120802005,-6.370348336357438,0
-6.369107398197907,-7.155841640696905,0
15.96007292755517,0.9863159495714693,1
-7.430112506150213,-8.27985759465237,0
13.012861162370314,0.8253027676915458,1
-0.8898405399188212,-4.910440534791229,0
-7.774190059328241,-4.182558808614835,0
-3.4260238219868784,-3.6673072760793337,0
16.381710031241077,4.630160551469519,1
0.8721088008696114,-0.6080965380820672,1
-2.090652606444018,-0.6423758952582546,0
1.5103102627624692,-8.04270923052744,0
22.8205882718759,-3.6329881780092665,1
-4.937465572450122,-4.943100629997681,0
-4.215330228675667,-6.278867413231979,0
15.080186368742407,-2.090204403321781,1
6.108110789320297,-1.591680188543074,1
0.3100005025004311,-3.445661197814575,0
-1.607766933780248,-7.365476521051877,0
-5.133913137559446,-5.0268525578897805,0
8.363270090884622,-2.2280212245799804,1
7.424467704424069,1.7536079576911978,1
9.885437356717624,-0.49236341727519817,1
-7.386860056548839,-1.0280016917164723,0
-2.5690833106836677,-4.919042699036486,0
13.41366099188707,-1.9372773241722312,1
8.546015937536195,3.305299489298367,1
-15.513224863982067,-2.52427184359464,0
-8.2997557605764,-6.698102041794526,0
11.006256773453188,0.6822031443070282,1
-6.867420163082961,-6.432779673688631,0
18.575500219105855,0.6462505360133646,1
6.819724525594433,-0.33699724053234853,1
-8.180917253596611,-7.303743688093299,0
-5.729173185653723,-4.838409213175418,0
-4.89678476709552,-9.064381223555563,0
16.214793352660813,-2.5824472182582725,1
5.10042766437572,-1.4688127364407442,1
-5.21656379201914,-7.029262765632343,0
4.391042843519777,-0.07248816581513197,1
-2.2700744234038703,-7.165839351417726,0
-3.2085376253256257,-6.824232394089637,0
-8.944703098780519,-2.4622677667528383,0
-6.7060806257144385,-7.794148028499089,0
-5.131870927257678,-6.939122825070066,0
14.931737169120913,-1.1787791711285434,1
-3.1856820752007406,-6.572569507629035,0
-10.574899826019415,-5.83496206855743,0
-6.268415964473061,-4.661589274752421,0
-1.552421946783058,-10.938196812866732,0
-0.9889804532480428,-4.482107369489126,0
6.164452474814518,2.897543198157292,1
-8.546693610896194,-7.842769606554762,0
5.903025100288038,0.059494813371904855,1
-3.5060162436197535,-6.472121051051551,0
-2.9161184630548567,-5.587289503334481,0
-1.9192075213477966,-2.406763100214499,0
8.737404518141929,-2.257505792853624,1
7.581530829689122,-2.761335744650538,1
14.762273327365257,0.56015504866056,1
9.444277066548663,-3.6113584971939434,1
11.695215695294436,-2.218730094336068,1
-2.5089507731620673,-6.990837889735165,0
-1.9776979524341503,0.16327200617326995,1
-5.2302857656425825,-8.047183360078566,0
-5.643706042482368,-4.405011840820383,0
13.338434705205506,-0.5733696094822391,1
4.095294313921115,-0.6855566960152336,1
-2.9837691872727703,-3.977152389608848,0
-6.986420355907983,-1.1140698908634503,0
19.363482085689093,0.07764408488931702,1
-1.5302671891747863,-5.841318404128374,0
-4.91627317791975,-6.776026689326984,0
8.741397044674311,-0.4747263616108648,1
1.5214000927182338,-10.092358302609103,0
7.602299524613311,3.452344521436223,1
-3.8834311711084974,-5.331858628195175,0
-4.513364376231779,-9.337530145340713,0
-5.423434865598267,-8.99045530576699,0
-5.761339772724613,-5.048736682423744,0
10.271098290834438,-1.0768987484379111,1
11.481525166422939,1.5827404781412018,1
-11.433047421191928,-6.794275013632128,0
12.689853622893972,3.901041498422189,1
11.383158560945155,0.8440991425012957,1
-7.299550118110717,-7.23371708411356,0
8.953645674270572,0.3762686578228746,1
5.812265207037857,-2.676214844252497,1
-6.175489552382997,-4.430962943006012,0
14.04064700690041,-0.7617490104853623,1
10.84942819377528,4.252552255612158,1
9.32540437749495,-0.5578976062883181,1
-6.9022579577415515,-5.798427013933785,0
10.130249822911063,-1.473307185285492,1
-3.502533956267492,-6.998793732074752,0
16.709079112976237,1.5945465243241177,1
-0.730272932661058,-7.760081858276635,0
-3.729615634326002,-7.398503853282857,0
-9.669435791192422,-6.108500513580081,0
-4.150582285169594,-6.203397997890955,0
-1.5034681410170534,-9.148634883907647,0
-6.763271833869894,-5.921752625454703,0
-4.35320500312271,-7.074956299648659,0
7.501126560825387,-2.019572680316994,1
7.9883092150541115,-1.8415008870869787,1
15.089778464695236,-0.8269992938938275,1
-7.32452991515313,-2.3615794491659563,0
9.478658978982882,0.8930018759145938,1
4.755665318401468,1.5295594186539363,1
13.838078445384639,0.9717888938690427,1
14.273337918519493,-3.7422166231400196,1
-6.235616041356968,-6.3110718285756935,0
-7.7321864034770265,-2.6141233231539114,0
-8.463624282633178,-8.693174777511953,0
13.445316415655709,-1.316749821692695,1
-3.0554167323744346,-7.046630561612773,0
-10.243146279493129,-2.8429742691914677,0
-2.994314269697002,-5.750326439817188,0
-3.8692592701238717,-5.939110096791563,0
-5.428726277552281,-8.414530516294441,0
6.492386298835094,-1.008053898170647,1
13.673836241031914,-2.67873648304936,1
10.982976837989783,1.634696385830844,1
11.894382304518576,-2.04119195724225,1
-2.654306246337632,-5.678879272113983,0
5.780086110570596,0.7497140458416606,1
-5.650465946714052,-5.7265776156663755,0
10.321000525255908,-4.316421508076011,1
10.350245884535768,1.8846933036695643,1
2.638055042833403,-7.418486010099204,0
11.551860179518751,0.7418114929114437,1
13.047036707075497,-0.6809558148123849,1
8.593129752336433,0.5001265482889056,1
3.2859497627290493,-0.06169379326601354,1
-6.448129076821979,-3.221236506403124,0
-0.16720143924484798,-7.223461545439157,0
9.001723323728717,-4.965801286011733,1
-10.01723159789487,-3.7207741202125226,0
10.87397163391304,0.3144229674177385,1
-6.23821033164243,-7.7121241267190035,0
5.727327267154057,0.5152876133899388,1
13.877007530242729,-0.20421902853317067,1
-3.9967810771943597,-5.054817909996136,0
-2.2167185610600337,-5.202400019582472,0
5.810176143223845,0.36071028841102387,1
0.5921086473778683,-2.047983046008537,1
8.799407014522973,0.4793716393005576,1
-6.930962978921615,-5.257583477928574,0
-4.740181835114921,-9.53404285537288,0
11.940947552125728,-0.7429641884967907,1
8.599999042960398,-1.6799009412005226,1
-7.747344739648547,-5.349470233550372,0
16.68550089658458,1.9718107616320564,1
11.525988298081444,-0.20471877682340764,1
5.536595960425576,1.9868203897501886,1
-0.10810718992635815,-3.1501678265014705,0
-3.771822239009098,-5.123478427472408,0
-2.6588166278308467,-8.655810641092657,0
-10.15328679779618,-8.840221823483606,0
-9.222409320930073,-7.796068857344232,0
0.44383945155559434,-5.021746197793463,0
9.507677469862971,1.7620816067902578,1
2.218169268701306,-0.3154123466202144,1
-6.870744827216045,-6.791295764466873,0
-1.7797780591363073,-9.089677681571374,0
6.425023901219552,-3.5574898779211823,1
-5.6503824039864625,-4.78455056348929,0
-5.4374942112140765,-4.644856154585664,0
3.3840779856641596,-1.2230318334791306,1
16.710451319731938,3.829535905920666,1
9.932835282219537,1.4832148593395111,1
-4.250642443764937,-5.9327542632951245,0
-6.705008159035442,-4.710594210778943,0
-2.687842200124569,-1.6831100529534737,0
7.2119976236769965,0.07568037315744609,1
-8.77636635657136,-7.5848913477820314,0
9.863585097319607,0.10202970584038226,1
-7.045725662915398,-2.861369034971513,0
17.216973052474785,2.5468884321829837,1
-0.03574930015460298,-6.1212330781577675,0
5.683291698033613,0.48344397847161025,1
15.181060931196152,-1.5816753241219375,1
-5.73865459839179,-2.20159034180797,0
-7.121696653983031,-7.280542256070257,0
11.823964344855254,0.8724725539777342,1
11.156714633718442,-0.30414646941590956,1
-0.15847513989370876,-6.9014203735645046,0
-4.037197470519667,-7.192013684378642,0
-2.223490326941462,-6.009042437194506,0
-0.6889652826386294,-5.075692965135733,0
5.857038415557641,-1.1108563937603697,1
-8.12188685747991,-5.408077139571132,0
-0.27046002650013,-2.4020185185715985,0
10.835091357799463,-0.36501506784841753,1
-3.1720336346227684,-7.39571264022798,0
7.985164533713016,1.3012942576062827,1
-2.7495385029651476,-9.23569802146388,0
-8.71876154546332,-8.130264991057917,0
15.957083978268559,-2.4591869665723793,1
13.370315407262213,-0.61780163208624,1
-5.001704551994418,-7.296391811781786,0
-1.400002297791255,-5.761376927585093,0
1.8507471325451776,-7.55696573731717,0
-5.746307898984357,-0.7783852551088568,0
-4.640392523896973,-8.22876646957343,0
-8.370519927163976,-2.706446650355735,0
12.845684287928561,1.4059922104158393,1
-2.0456993158320014,-7.885358341735387,0
7.736466049760356,-2.3341146757870077,1
9.940337489029874,1.3179137344962448,1
3.54611879558706,-0.9403187953890858,1
13.089516412529703,0.8100365385129097,1
-2.8268955782820546,-0.7094447954326757,0
-1.7552320972044404,-5.365765822158818,0
9.928383714190396,1.6338384628016216,1
-0.4738288156005961,-1.1010645897500768,1
6.671460117712111,1.9712186575119413,1
-2.7708193242645573,-3.912926957106217,0
-6.3513702938125025,-5.835252044899123,0
22.140014935876575,1.8473865237996465,1
-4.246493493432957,-2.705668898781811,0
-6.208454463376294,-8.158229370908138,0
-7.795527173111298,-2.62026100438256,0
10.258130236430397,-0.5085427984463419,1
4.685341681306732,-1.5739631722954432,1
11.714341737250177,0.14582918078588397,1
5.2027077456202555,-1.1565591359427594,1
9.408907925854077,3.667453449788218,1
-1.9877642653892011,-7.073366265697498,0
10.675442175627154,0.8036738877041842,1
13.433022246537002,1.1907170531260922,1
15.433767432104354,-0.2798709381701456,1
5.079042131830627,-3.1643238429542895,1
-3.9671576740197776,-5.813409368941379,0
7.36926113769727,0.39492659556173615,1
6.48320849660697,0.12831492725244384,1
16.58402415502317,-1.9938326127947794,1
-4.69015721353987,-3.732667681527339,0
1.9027271350399193,0.7011267109741433,1
-6.30757345531072,-8.708062662556049,0
10.185135781248974,-0.4530500503773383,1
-3.5384941433142023,-5.62562087166898,0
12.85698451132241,2.1808469576448695,1
-8.178236528432175,-11.16728696537093,0
-2.7455076336202686,-7.344444160381001,0
12.033983113885775,-0.16255488787801012,1
7.535890890622899,-0.04021467918550775,1
13.517038112667265,3.7485818016112225,1
7.684054432931655,-4.130387725745802,1
19.55659550075861,0.6803479184924005,1
-0.8446155178528021,-4.570488853017087,0
19.13497766463467,3.884861767017062,1
-2.461646415885161,-6.981656063995709,0
-2.003391174310607,-4.710230643210769,0
9.433274318022574,1.8989531836348814,1
14.208089689038651,0.0487760275230087,1
-3.0798088609742824,-9.365328922645581,0
-5.397567235202926,-6.095209516901753,0
-5.270338868513225,-7.61316501483231,0
13.823938079694472,-0.6870580047190298,1
7.985290921090943,-0.7728939580393185,1
11.99329588299996,-2.7558414833339646,1
-2.2983500033460214,-6.47618300819754,0
3.0093140656330863,-1.296028089011031,1
-1.8278672414482422,-8.387048637373454,0
-2.971516938629094,-6.4009699147745485,0
15.314933974537063,-0.8922164272835383,1
-2.929778225385486,-10.889125183608847,0
-1.9759480227359605,-8.337230626829339,0
-2.897489385892694,-2.13892818433072,0
2.5087835349699112,1.5954382045961613,1
10.65610121249598,-1.5995875431885163,1
12.050268250679935,1.6091771525243015,1
11.551268849209114,2.0743400842547652,1
-2.4811769842414897,-7.861474459173845,0
15.946106017111244,-1.4892364942240037,1
-1.3749950425629476,-6.23422918309136,0
4.331747591429672,0.9585359634507399,1
15.90509801452475,-1.8186630452893868,1
13.963601119621242,-1.328777526538874,1
10.938177156780473,2.4587747038819767,1
2.3053207979150416,0.9931925953159966,1
4.609141603573686,1.514609533789134,1
18.212229233578192,-0.5919620123487278,1
-5.993258464741096,-3.8667564111118433,0
6.35629264717882,-0.7156509069208391,1
12.228902188592285,-3.295501133722535,1
-7.400231087084968,-5.612747387861358,0
-9.419224515946024,-5.095631190667416,0
7.86356665904378,0.982421797369899,1
13.168318600020866,2.5545178776742827,1
-2.4235177310743654,-2.2698754431022006,0
18.11194044737124,0.7883005646724124,1
9.228172414145446,-0.7017404483881076,1
15.605898503229039,-2.475040496954869,1
8.007669045192653,0.9965308310585738,1
-3.556681175362275,-5.668425669631614,0
-1.7174282754610193,-2.8317956375493925,0
9.739785841207976,-5.376758983622305,1
0.3097762703588023,-7.08009600634926,0
6.500297543934927,0.3174652310288273,1
8.667961966545748,-1.455286766217529,1
1.2248193314793578,-6.9213182769782255,0
3.497964770948588,-0.3465018821402146,1
11.904671741762265,0.059204582789931105,1
-5.461328538721572,-4.382846839353306,0
9.754249603942199,-2.0625151040853438,1
9.23165172714342,-1.376455704030868,1
11.001992824973048,1.781829313726463,1
23.499195869001312,1.7041327957151933,1
0.42154783226778303,-8.089202534180759,0
-8.113249122026428,-6.421648040289823,0
-2.1462031226285543,-5.424354430587122,0
-4.06897005691427,-7.479217356628547,0
-7.479715044995293,-7.269051564897348,0
-2.305775262772501,-6.753124307819339,0
-3.842386992545509,-4.30990698653654,0
5.055119499870209,-3.0631026642404144,1
8.703600618579122,-0.057484669434098225,1
-7.3137279010097505,-4.6331257832024,0
-3.283313764025738,-3.2813747381289873,0
-6.712783757329662,-6.806816437762009,0
7.245773542785423,-0.4490515736723569,1
1.494512463612434,-8.272428145755105,0
7.71920194865583,-1.4855239988199442,1
1.391731358373054,2.1015155437928965,1
2.844631747071036,-6.81870881295049,0
-8.531116382073133,-4.496675727814846,0
5.03722600097683,-0.3934137572522242,1
8.89098061268812,-3.009462039823507,1
5.858965867216032,-0.5911214073342274,1
14.773081018615533,-1.4800993727024812,1
4.027781590789791,0.16185863353425256,1
10.009293369192198,-1.4818523324102546,1
-6.52347153552879,-1.9673130777884102,0
-10.245238865285017,-3.813671823847604,0
9.157943180823013,2.6546659041008978,1
-0.9992017618056019,-6.933562067735716,0
-9.69537790665462,-5.102913971795636,0
7.371725756148205,1.262623286444516,1
13.62812613132075,-2.8108919892272817,1
-6.935204099124155,-8.025696413400954,0
-5.809472161860594,-5.1940553399302924,0
15.040893634624132,3.5366091745474137,1
-9.390171863396153,-4.914854804480033,0
18.022758207651165,1.6837173396085667,1
8.944459032069496,1.3430042840379888,1
9.300199427393336,-0.1808548871647917,1
-5.7282254319106185,-8.01421993772389,0
-2.943684138364961,-4.16630802519827,0
13.692343619431455,2.7023089153032784,1
-0.06450624645051839,-4.075004084690061,0
-4.816128300982836,-11.952439857540963,0
4.694916139322274,-1.6704417260983697,1
12.712987845442587,0.07331412194823074,1
-8.860383358138465,-4.220523815058959,0
-5.3582264355699945,-10.472826148757099,0
11.001379841384917,-3.343154031976112,1
10.525596852725934,0.2794029597883332,1
12.820896382106174,4.815608267125414,1
-4.840027654002298,-7.6416927900567515,0
11.697747310641665,0.7744724782166273,1
8.480610255924082,1.9225810339815592,1
-4.456428353464617,-7.971520376530079,0
17.31602950460549,-0.670977779766208,1
11.428917380607274,1.7533119764735685,1
-0.909185320764268,-3.9740654109154843,0
18.9729773628656,-2.7212851141134076,1
0.17918159260788524,-10.061158574009987,0
-6.816529098825981,-3.867594536039403,0
-4.36047422334231,-6.549858723108667,0
-6.353389091003455,-5.299206796068875,0
-5.756680462084708,-4.3218801409093786,0
5.291812057807257,-1.2980951145132444,1
13.699633306599111,-0.3138598048708044,1
5.715239654550919,-2.304090758949223,1
4.480715486349707,0.8500047958802788,1
-6.211045793107376,-3.281977951157046,0
-5.075327534115528,-2.423005835917905,0
-1.5191841245833553,-4.357828246802784,0
-1.1286651121179836,-8.996125724143706,0
8.149910862200676,1.8318813458100978,1
9.848396652966827,2.908552819932698,1
-9.757741355675204,-6.784517648865011,0
-5.528123184452091,-3.244122795487081,0
7.76315625831622,0.8117374168154912,1
7.820074598425318,3.9577079908073767,1
7.800189325810642,-1.106517535692279,1
-5.876840532006882,-4.660631707100798,0
-6.37396709886773,-6.405572175541182,0
-0.5302568860605792,-4.089757261714501,0
12.458422441617033,1.1887670485027795,1
9.182017049308374,2.257636247465104,1
-5.08351893921192,-2.931751132223612,0
-4.945418481064847,-6.992933097702913,0
12.81865674241445,-0.7339115641745014,1
-5.074425682028845,-5.1632830564144125,0
5.149880143331269,1.3281226891410953,1
-6.7942889983785495,-4.54163280827826,0
17.021715189009104,-2.1954947817396575,1
18.127483166106664,-1.4527933061214477,1
8.441000052177914,-1.436968665878379,1
-5.521488395949565,-9.144140690223008,0
9.214706584696962,1.7590282962578911,1
-7.691419735618062,-3.5953717161627576,0
-1.55629995195561,-6.683719068021644,0
-4.332608805892877,-6.480314213215009,0
-5.01961639105163,-4.035812081027037,0
-4.580220058359617,-6.707861578132627,0
8.358122627222768,-1.5283807717904065,1
-5.639918185929687,-6.193616858997924,0
13.850504687197756,-0.43394871687754033,1
11.293213716330268,-0.20425317284427866,1
-2.9867065084372113,-3.2392076117203517,0
-2.3870774800172248,-4.827210887714416,0
6.677728916540602,-1.1965370733367915,1
2.792703693629604,-6.956318943349646,0
-7.18030369343945,-6.069761306198384,0
20.22323022237712,-0.5289939878774024,1
-5.883007037113418,-7.192937108405646,0
14.151743968594166,2.994115826441041,1
-4.910570496738983,-7.397958596814332,0
-3.7388741729515873,-5.6107914741257146,0
9.778660858250678,-0.9075744861728047,1
9.591769954077218,-1.711501980579572,1
-4.979589825040179,-5.163707674933118,0
-4.868049039929647,-10.331421086858743,0
-8.910177228663812,-6.137721513876447,0
-4.06202352035102,-3.6759636101493176,0
-2.91218243613851,0.7759569491272544,1
1.17647978091638,-9.98794003477645,0
-1.6930932610020553,-7.055673046956331,0
16.175282421940565,-0.4862314278280383,1
-8.818072624797868,-6.606616061137919,0
-2.2378405698640655,-6.097386001292424,0
-4.122700964686688,-8.953280699160214,0
12.413323733295751,-0.6596227299590589,1
-4.7271258288003555,-4.03168667868095,0
5.012397827297068,2.2969487509595274,1
15.302160432479816,2.0494940355741904,1
-4.240796588433132,-6.148277543307448,0
9.600037830139017,2.889921307271811,1
-4.183100351379467,-7.776549413622414,0
-4.544925266805848,-4.378511909946257,1
-5.348618406743596,-3.9727131836824072,0
11.891304096975931,-2.96908504087667,1
8.413961028247199,-0.807443849012456,1
8.822346604084238,-1.7568693558776434,1
-6.212329091034476,-8.92163124869408,0
13.201202584902834,2.238541774357077,1
14.428096347354831,-2.4659851774607593,1
-5.5366923184204975,-9.192619847901987,0
-5.893820516849679,-3.71652624638007,0
11.33513674681144,2.3266840409144334,1
10.666983104356229,0.006699136370043527,1
-1.303736323619555,-7.950843588899216,0
-1.9505629633599235,-8.052906693213027,0
8.5006089103138,0.7708290496919801,1
-3.004672277176966,-5.353249550220067,0
13.513444281175474,-0.2849860442863911,1
12.096118779877607,-3.780397803488553,1
-4.618467636274381,-6.197368647009397,0
10.805324130429721,1.9145386034559946,1
12.141170420264785,0.990833796317266,1
7.388838289206809,1.6771846942549413,1
9.074394426091375,0.7307805254919247,1
-4.842936364875436,-6.189384654092511,0
-4.384061142601025,-6.237834063392747,0
14.663217021052768,3.4206442781932394,1
-4.274639070346707,-4.898914213308766,0
1.3648680075710384,-8.212724331294126,0
-4.032586158075684,-5.1311095287235196,0
-5.674231977749726,-5.902769436624696,0
-10.755095230549708,-8.488931176986675,0
-1.5690349659453862,-9.860510802755496,0
-1.1043198774200178,-5.398280132606293,0
-3.8737000670861,-6.162158788054373,0
-3.586276755462887,-7.055450340230999,0
15.35325730164223,-2.3912933760980364,1
-2.0136197284755957,-4.323155857542833,0
13.277024368002856,-2.0761949479726147,1
-6.222893333176213,-7.99536788141866,0
9.220734110933996,-0.6484686049954432,1
13.64576755497618,4.0775597841139275,1
5.291296868978911,5.977637391973501,1
-2.369980418439244,-0.5937393752939819,0
-3.8034096248125473,-8.259132412283357,0
-2.04735653065285,-6.798437490901166,0
-5.400681439826946,-4.02720441677686,0
-5.478176328351416,-4.685470909174948,0
9.332309784141719,0.021148085380686313,1
1.1319720224117926,-0.12644673034448664,1
2.200030310892883,-6.071596287098861,0
11.908714661285282,0.23624371207762512,1
-3.663474126748829,-4.983237107782771,0
-4.630361685570666,-6.923777398835437,0
10.205772611008413,-1.0068671609194038,1
9.00598095854,-0.48103430215380355,1
-0.7026390630799249,-6.050436219833709,0
-0.2832791131381547,-4.518108276389217,0
1.8378319323661074,0.17776652897756995,1
-2.4264035966853803,-7.824464632377872,0
-4.248172891242192,-2.599418252106677,0
6.176887588182121,-0.8914868264965566,1
12.717352066634673,0.7638506249550406,1
11.982655012550731,0.7937940785030001,1
-4.0430277297152335,-6.063276098165626,0
-5.5939603159936535,-6.168201736772023,0
-3.4516878485959674,-6.960328345348717,0
12.193175262907703,-1.1639908222579356,1
-6.587559428205401,-4.3950002551773135,0
7.718151698235259,-2.244884103721321,1
8.90582214592387,-2.4253642715326937,1
-3.9866445852538592,-2.1738747231500177,0
-6.4554534390285685,-6.622374068982839,0
11.982048587839596,1.2793474570237144,1
-3.4761071878297027,-5.726009596616884,0
-2.830662575082361,-2.5749192706749593,0
11.769747137560262,-1.6840928033283014,1
12.059143506725476,-0.7886262947932957,1
-2.7831812953058677,-3.406680740119727,0
6.007290902199669,0.7048972278120272,1
6.311183492590995,0.21100001752747127,1
-5.87741573972265,-7.114640578145798,0
-5.069438664607714,-8.487008564395424,0
11.709359597355917,2.4125791458560184,1
-8.889575437774216,-5.084721627868598,0
-7.629442868720789,-7.772387223160784,0
11.808335217071871,-0.6226196881151148,1
-5.342314035734518,-3.9418204433615913,0
1.9753218758930586,-4.342778297647837,0
-5.616314858701659,-6.004523750392856,0
3.310522448210607,3.084216740385081,1
11.723769052707144,0.4044757027671393,1
-6.2133563804872445,-6.390764710329442,0
-2.8498186486575094,-7.109485887525709,0
6.582527891911894,0.9368133689998714,1
10.942486067138386,1.9444298401709275,1
10.218684415644807,-2.1681389417300196,1
9.280170607737402,-3.3240467491740944,1
-3.499494995293548,-3.913795198858261,0
-4.914910417084992,-9.755195052290876,0
10.230531487416373,1.4734531494345502,1
-7.1007094711953105,-7.711974070609218,0
-3.438415049569211,-4.400312843231981,0
-4.564237350107576,-5.422063872377465,0
12.455875648380477,0.2454752211586114,1
11.222133258102577,2.1640637522230453,1
-5.41632570413022,-4.081320536695008,0
1.2433283638452188,-8.531923563331539,0
12.500444798771051,-0.5547039749581505,1
17.15702862411253,2.4190901830182945,1
-6.849933089424719,-9.473989652139686,0
12.115797524990555,-0.03919142478350808,1
9.545028799835492,-0.20439840730883582,1
-3.2641035717153155,-6.363958681302439,0
16.247366518693514,2.060480966374032,1
14.340744684256904,-0.18199319569707362,1
21.396274315474496,2.424652094471984,1
-9.634899914518249,-6.649882457448292,0
-2.876210378899959,-6.652884870359705,0
3.897978320851754,-2.4122857957192996,1
-0.7496310586367261,-6.405828388570196,0
-3.5186857493095665,-7.30298900240995,0
19.17849467284598,2.1620824535120695,1
7.204660011594529,1.7166911654941195,1
9.914468862156067,0.5745415351732377,1
-5.323299319449492,-4.63600937009145,0
11.820637614399564,-0.5202798606673936,1
8.870245920268268,-1.0086738243322835,1
3.554639761176257,2.4888334397596004,1
9.3140652087851,-1.820381979229368,1
5.491295012221843,2.727226050065433,1
12.840025658456558,0.45014325127247584,1
-0.2967138816921109,-6.20160771630055,0
0.3104072777544955,-10.398043764180532,0
-5.834486343732181,-7.285520863545905,0
-0.8200554584486706,-5.9796598729203785,0
18.18227449851525,1.018069346776606,1
3.917469606795412,-1.0411369755644473,1
-7.9902089664441025,-3.820985413667128,0
16.58225033627582,0.1911936461038454,1
-4.133710944141201,-6.047566482798278,0
-6.355683329617538,-7.101866969895116,0
15.93766680110295,0.619676996609306,1
9.12899764004693,-0.6076316345865613,1
-3.2459373001611276,-5.875834895759182,0
8.837961642231129,1.3752629793945295,1
15.896294117110127,0.6507954944134919,1
15.966010648121719,-0.06457181383485228,1
-2.7332341709060843,-8.903910011724134,0
-0.7837624561751473,-8.257965898866763,0
-0.31731029127903376,3.4731200628832464,1
2.1342950479301024,-7.05983856939482,0
-0.4725232882166446,-9.210766810279345,0
-2.613897415930926,-4.617215445651169,0
10.516269913375002,-2.2542475035213205,1
-2.6269403536753777,-6.552344639505415,0
-2.137258089231998,-7.940237301722067,0
-2.1105966510896677,-6.80942341718481,0
1.000663481863624,-1.3473350750288928,1
-3.336112233786659,-11.055019875183758,0
-7.079138402975035,-2.56786132416907,0
-10.516725795765645,-4.654131044629519,0
-1.7137487321268687,-8.255928840988895,0
-6.9554117838356655,-8.321452671448442,0
14.839952129015165,0.9654263271986276,1
-10.602946088417378,-2.3719966295009076,0
4.856627314961062,2.320983572218719,1
-7.645700116908972,-5.510139585470094,0
10.087795732910733,-0.1688416442998698,1
-3.554979368378436,-1.4718699238933617,0
14.099069063616817,-1.4889308868244993,1
13.290304555324331,-1.0242015900360137,1
0.014580941429927385,-8.2104539520677,0
18.203266281034168,-1.6185864311409872,1
1.6279707657580378,-7.2508858600923265,0
-1.4743285270784252,-7.109962507806606,0
20.42677681074924,0.9925803516273596,1
-4.765567918567969,-6.870476814111646,0
7.1588708707072755,-0.7224839544529597,1
-0.18859304380005382,-5.924223722448145,0
10.897640253049495,0.7299498709494564,1
-9.548275595786821,-6.4154829975051,0
-8.09395770181264,-7.222500798945151,0
4.61153034928681,-2.624235708235639,1
5.938044590118108,0.13515098532972858,1
-0.4817500173346434,-5.165770333532436,0
-3.8596620270716,-6.71136065649005,0
-2.598444741820435,-7.255130718572213,0
-1.956640447790107,-4.717442612666896,0
-3.5445117050185786,-9.251991725858442,0
-4.3485306194282405,-8.620459342305224,0
14.468605924239814,-0.30791129249444027,1
-1.0977736120926576,-0.7366306361403973,1
9.756136234756271,0.9144421231420042,1
11.518745869731195,0.4983941585867661,1
-1.2621812996649755,-4.4960804340096825,0
4.341920164031296,0.9650286535625717,1
-0.15056464933361102,-4.617770163033802,0
-1.4996324270841184,-6.77156839830873,0
-4.732947188905363,-3.2440554328512947,0
10.969670915717316,-2.2666476004910776,1
-3.7903605242125424,-5.867073519507638,0
-2.4379871109857234,-7.162117308494746,0
13.16427815435249,0.6960171774716123,1
10.22966842193478,-0.8598459691459377,1
0.8276978591601658,-3.2944946514372284,0
18.976156769863543,-1.642851150957613,1
10.62045863020887,1.7046394737573687,1
14.173574852858678,1.118949387693197,1
-0.6761232070875702,-9.679694395253545,0
-2.4007461924806264,-7.637790813175988,0
-3.5445117168418423,-6.108137716667954,0
-5.9866282031478955,-7.444454783625763,0
-2.656047259587229,-4.723285326586136,0
-9.225021789513429,-4.059365048649843,0
2.885882750154849,1.5865014225089986,1
-3.1784710688519606,-6.475535492428509,0
-0.5440570364205346,-5.569332765401973,0
-0.4370182073066027,-6.383339383814109,0
14.416598735611414,5.186632447479548,1
-0.733855513986605,-7.213777256712406,0
9.979119252011637,-2.305000283079681,1
3.9782693293343057,-0.10465381329980511,1
3.965528899363732,-2.0435560055532505,1
-6.58299141625602,-8.5523387084334,0
-3.8665492144978253,-6.779992573911397,0
0.26949929101152037,1.6256857934193536,1
6.706993348872494,-2.046826323403234,1
-3.614948322597655,-4.96635701370216,0
-2.3051330776574623,-2.7568744917896577,0
14.137431878148103,-0.7627081334225023,1
-10.902486726531317,-4.873322613217968,0
4.904246045175294,1.2624910941951626,1
14.5565854723178,-0.8204617605399722,1
8.97746005101416,1.6340243277664814,1
2.177183519828045,-1.5785106577705128,1
-9.338811763707064,-6.442078441891013,0
-3.6963945761563517,-4.189347730942172,0
8.40310021947963,1.7284137065495466,1
17.106746534349654,1.8530066623315624,1
-5.8889873107756525,-5.872250417354198,0
8.230996732147354,1.3687312181163622,1
8.504038593528426,1.5114413971918632,1
-0.7438633840732849,-4.3717320745319554,0
-7.251347366441209,-3.140898683093302,0
9.960220042742227,1.2829484226819237,1
1.9523099201996956,1.592464518610045,1
10.156123712792336,3.3459830228805285,1
7.338753654728919,-4.040664171847985,1
-2.601356337539473,-8.171394034257165,0
13.261199158227791,1.784000065269556,1
7.773088323361188,-0.16690723272824318,1
-7.993360034655876,-5.0716511995809155,0
3.2381554598020124,-3.2303260080543637,0
4.363016381388858,1.9142147463181591,1
14.450103817462303,-0.4197306091643499,1
6.027011195658229,0.01916872065074859,1
21.302493856679725,-1.4524943962531323,1
1.5254489409688432,-2.673713336563214,1
13.376535695405506,2.577665585104323,1
11.68423388950565,-1.9068520587384952,1
-0.3132201379209194,-3.6832520384635252,0
4.147777101733197,-1.896784727036439,1
-6.685038479782037,-8.11928446498752,0
-3.065216207693259,-4.774612869752405,0
-0.17546285719621801,-7.005169651085763,0
-6.36817763517362,-7.0704094963902175,0
9.229351769530387,-0.5950609438982973,1
4.9867631498259275,1.7273614680232665,1
-0.042359704842750645,-1.4896540757935983,1
6.125961035353404,-3.6574563975379895,1
-6.909445783144202,-4.035284524449616,0
3.876139080368776,-2.10265423245191,1
12.27215856301823,1.599343441522953,1
-8.043742530035457,-8.418051662456506,0
13.033460218474168,-0.016234119535063398,1
-5.755967423421816,-5.3749559858527824,0
3.5584507408693478,2.467890323667431,1
9.671454691490199,2.109118366467162,1
-3.7451756615289287,-6.692990960921715,0
7.318114353601199,-1.759156794699388,1
-5.395426769454236,-5.645635853790484,0
9.7962923791379,2.621344593758082,1
5.158818188312025,1.1709805652226788,1
8.208600487166185,-2.168975243192788,1
-4.030941468928784,-6.9452193136863976,0
3.8122001097356577,1.8393846648420633,1
-6.89428270263719,-4.760174154273484,0
-1.692891184447742,-5.3392187093318215,0
6.088044123345271,-0.2928389100964955,1
12.288269202830532,-2.362778665113282,1
-6.22939212730012,-8.483804080049381,0
1.8932278511661043,-6.859928944471335,0
17.339001815928242,-3.407786466153656,1
-6.71928826763928,-4.969549779760577,0
17.686532120645673,-1.8881805861571506,1
-0.6504080740619664,-7.676901198571165,0
12.420346285469204,0.6847183687939216,1
9.509970558450915,-3.8044589476293553,1
-8.020323670811692,-5.966529675047397,0
-2.13932157233069,-2.997137428516542,0
-2.662375706949702,-8.009974900729398,0
14.522980063142388,2.6821152006079156,1
-7.548036855647847,-4.896215405423178,0
-2.333736084038118,-6.5651199651646746,0
-6.727322720747178,-3.877905458749846,0
8.348644535665866,3.3432000090842675,1
0.7262887000465232,-7.941695464183824,0
-4.5897732810037155,-6.361895036560388,0
-3.838464096809806,-5.064145693407761,0
-3.418798605588381,-2.8113216109385344,0
-5.206737253585183,-6.40508702380994,0
16.56464917434524,-1.2801068491821412,1
-4.077628499051553,-5.9338514599432255,0
8.9236617480165,-0.3974437429951512,1
3.980724960105424,-1.6882056360038493,1
-4.002299551205845,-8.526358516086306,0
-3.5153569015526682,-6.381907463496027,0
1.4832641080316176,-6.979481365513582,0
2.5824944542652384,-5.504562079033975,0
-1.622824934478622,-6.191674062623437,0
-3.3285644736589153,-7.550638051691874,0
11.287327923058555,-3.399566628290125,1
3.32598401131479,0.4212145937251408,1
-7.152319614115264,-3.9845974978749736,0
-2.021358712019441,-8.548765232179184,0
8.877772821807687,-0.4311387117839017,1
9.403714878369186,2.014699149772926,1
-6.090760768511727,-6.233655546498595,0
12.739721662202841,0.37300667611064525,1
3.944907566486097,-6.237971082303932,0
-3.8339003116649226,-6.013940426118297,0
6.18321992607515,0.2713965199701268,1
14.115093571537493,0.6845488303554652,1
5.641346768677753,-2.3285839074299406,1
0.8634891119166745,1.2436720727537227,1
-5.387745664132862,-7.659949235036383,0
9.33857482645963,0.5612751944512137,1
13.762780332595668,-0.8114980583839322,1
-3.226378676779411,-7.460528732529594,0
-9.247062222491778,-9.821622698237675,0
-5.127192779368773,-6.590934163647937,0
11.467317484767252,0.989097543964762,1
17.350701736088727,-0.46419301594736684,1
-3.5955380622389326,-11.28210512152997,0
17.383886756201445,-0.4208964700713479,1
-3.479007146466975,-6.690964282126014,0
-8.353364484830468,-5.490335936837586,0
9.354742027371561,0.22285810434592077,1
-5.328991062902979,-7.473721530815301,0
14.352032600085515,4.155814942970769,1
18.373176289991157,0.7281858268345478,1
10.236587397629588,1.6716407438415644,1
-2.7770298416879857,-1.9777530184735381,0
6.0453304113243105,-2.937905868507759,1
3.143261314627612,-7.729627603897848,0
-9.611665990605669,-6.070604953830687,0
-11.470416487341616,-5.684904807110866,0
6.508345905882736,5.2115533768344395,1
10.764067021461717,1.3238491684740217,1
13.35918319898703,-3.8051713259747832,1
1.3721623852718334,-9.011664209668282,0
13.882984718366433,-0.0021000898764905224,1
-2.7705604005887903,-2.9862102254057117,0
11.468923246213988,-0.020429127634658914,1
1.5880766175016214,-4.24587016920828,0
15.136088384171792,1.1009011205020798,1
8.381526589864249,3.291759448276979,1
-0.6750998689773691,-6.102706114473803,0
10.28820930841986,0.06683456563511467,1
6.722610892338201,-0.8697775929332737,1
9.33240875556667,-0.3173470885448786,1
10.406438379369972,-0.2185856241183216,1
15.213579072310962,-0.7486982295490298,1
-1.2276903118701443,-4.130800950868168,0
5.130705102608748,0.5493307988203269,1
13.023021467693571,-2.333859969391051,1
-11.055587499398733,-4.69133742561233,0
-4.389458624604977,-6.311402454442672,0
-1.8634934120406563,-5.6285537080138885,0
-5.218202477587292,-4.508552899005856,0
-6.23636249437565,-6.650241965579742,0
-4.1644302297915505,-3.3200056862085647,0
10.730141916325502,1.6689193781900995,1
0.056230037801713095,-7.221458116863763,0
-7.227363301943589,-6.11324065549888,0
-4.069041085386299,-7.023472074894022,0
13.601849319790677,2.4547674773593027,1
-3.6293278799843,-8.562917307604035,0
-8.272889553702118,-2.454640499339244,0
-4.499958855580882,-7.421474983039802,0
0.05576042036268625,-5.920741210025814,0
-1.3619233700274265,-5.350909676305613,0
-7.350260157817742,-5.617597624068975,0
-4.212017757751777,-4.127878198377301,0
13.677806830649725,1.0680012292675614,1
-5.783853180998442,-3.1594258244580087,0
-3.272438290229182,-3.391120039525128,0
0.2940473758364881,-1.9290339013033382,0
17.26563489413524,-1.1203001538101602,1
9.794186894709387,-0.38425631126525417,1
1.0495474591426586,-0.5662390844426274,1
3.076075473154554,-0.30848349616949317,1
9.111028257744533,-5.201276101738438,1
-3.598076316152761,-5.3517568591815765,0
12.407024117017734,-1.8567864704633983,1
-3.138632291955225,-0.19062213717540555,0
10.733099299644294,-5.371743640454032,1
8.806999088215772,-4.890898253787115,1
0.5372197804988783,-3.546706905591398,0
-9.319729928346206,-8.058515039943252,0
14.780532001308202,1.2141429832733819,1
12.889510496929512,0.35682579681518767,1
9.073685991986245,0.5582578763995037,1
-4.826364308725937,-6.318900325510161,0
-3.0000201968123,-10.829656342754745,0
-5.686394635183403,-5.6579993859184174,0
-4.226037989416693,-6.183405226741203,0
10.00693000279238,-0.2797048069363537,1
9.827742984171783,3.051400483943068,1
5.697535099175291,1.529684669315438,1
-6.906155090640075,-8.163703413810085,0
-3.3557847348257566,-5.24462643347826,0
-9.699355564567611,-7.006427564492455,0
-6.855551143600453,-7.138500859847718,0
6.611525640460416,1.1426813701387544,1
-4.371098569697647,-4.527439030022507,0
17.25085853327256,1.7631527442664352,1
2.9460564674581518,1.9233280582322432,1
-9.102413211912921,-5.972999055662376,0
13.275043740287838,1.932851417744313,1
-1.4625786492258275,-7.4706310476978075,0
-7.720118871572213,-8.012390211423508,0
-0.02166838838665397,-5.444655021725747,0
6.912198286489639,3.9694101623897606,1
12.938426317959955,0.3632966422187393,1
-3.511070858880177,-5.323768974234051,0
-4.094148457543599,-5.478624857002934,0
0.2649318020458331,1.9211620772832259,1
12.504472526332997,1.3181522179197367,1
-7.069553386829844,-8.50288371245795,0
-1.7351664016072932,-7.5337057577016155,0
1.5666863484006166,-8.57809490089791,0
15.390429709140424,3.635311593885359,1
-1.2769529202177665,-9.567448881831778,0
-4.193598341035251,-8.051431360643562,0
-7.269442889375609,-4.210193584779265,0
-5.469924633152193,-5.645418229762645,0
8.748179052378747,-1.2162137900468695,1
-0.45086489414245534,-3.194405997470211,0
11.619114484402234,1.9560086502790168,1
6.130271515489636,-1.8034371027075,1
-9.372841310747901,-3.475288074204105,0
-4.773115064830831,-7.971760905596567,0
-3.147944183152524,-9.385801674596095,0
8.283808256017348,0.13482921351285818,1
17.89968172997235,0.31624152680310014,1
20.296817924848956,-2.181214314904768,1
8.749768054234085,0.37357157164464544,1
6.823076140966839,0.4269027430752275,1
6.710106388752376,-3.3872066190604624,1
-8.188209936088574,-9.440126980016473,0
17.354698381077934,2.6362180390215477,1
-2.609942320121566,-9.385027789771277,0
-5.475896113215091,-7.789178397340342,0
15.619378457824574,-3.144015388583451,1
-7.889920020193271,-6.096563445210847,0
-0.20608932890272413,-1.8177951345728882,0
9.04803260206021,-2.4214118041829567,1
-2.384393196638574,-8.939767742157164,0
11.33170840113771,-1.0799322185271778,1
6.037383134749138,-0.5353353429880249,1
7.804024297793218,1.5901955763205047,1
5.505758412846125,-1.2333353606818356,1
-9.707437003006705,-4.423556070788171,0
11.06001937486067,-0.015066978932536312,1
-2.0860291158856876,-4.426084367525517,0
13.110787566323978,-0.0006463087583996063,1
12.115071131771677,-0.7915366528346656,1
0.6629308650799786,-4.424856475179663,0
7.110297410080453,-0.1630144185967945,1
14.067957567146763,1.6414072573758174,1
-2.218290483102574,-5.732954628597775,0
13.021058462460811,1.3518887152262506,1
-2.679235692838188,-9.497553060645965,0
-6.01846561557014,-9.136288776572433,0
-5.954683839503604,-3.9070348330206537,0
-5.07797435522259,-8.920170676054873,0
-1.8297113562689051,-7.103305302248293,0
15.158349428805213,1.7971897259836351,1
-6.505710036643022,-6.191325317612135,0
-3.788147914432635,-0.2819394077930661,1
12.322182040186819,2.293925879408187,1
-3.5363945747705987,-3.7497038412812596,0
3.51602187065747,-0.19762146184430673,1
-6.445183738334868,-5.8813296847553,0
-5.695339059070278,-2.389646828589217,0
11.136952375175428,-0.922153656208362,1
-6.739937773888299,-5.531462677507374,0
7.1439312433952615,-0.2048211673775678,1
-2.0564939503491626,-4.911101492093399,0
7.359469460306027,-4.666194638577172,1
11.236944309846482,1.2378888905799703,1
7.8410090651850375,4.039629027287291,1
14.123985655650069,0.9339187530282222,1
9.33904119690855,1.2127779918420956,1
-1.200477076595778,-4.896331601252647,0
14.641780721035971,2.148814175053702,1
12.218865160145914,2.1610649759750524,1
-1.4307710493785448,-6.847872396060104,0
-1.9223920558860246,-6.944211858824275,0
18.072672624260697,-0.8928791253681161,1
8.114995779112062,1.0715891366769228,1
-7.421200919519474,-7.522564798265183,0
-5.201546420449251,-6.379069303444133,0
5.704699296858193,0.01373534515896823,1
7.5065577098508385,0.9393888429213527,1
7.459837259747029,0.03647233099112417,1
9.171673555362482,-1.921413050581598,1
-1.434549227820558,-8.473830730077882,0
5.308507930283714,2.0606997011473105,1
-0.8400824249787897,-11.533808434767705,0
-1.1366349243362421,-5.05393112120592,0
-6.373751520280655,-6.5562044204268535,0
8.52724681551215,-1.0170247177145926,1
11.526797571855099,4.737269257407712,1
-3.158310549833008,-6.509792072296779,0
-5.0941692890254195,-6.5848856801185445,0
-2.6968789698903857,-7.3596970449245305,0
11.334660999905449,-0.41791228692788673,1
6.798221463933413,-1.039909331651358,1
10.962561564226608,1.2376808056597937,1
7.498800247084502,0.9824113398954321,1
-0.15505895699997163,-5.409714978986794,0
12.453119592134268,-2.3047168860573595,1
-0.8365652451892993,-4.8611225846913015,0
-0.4460710717583556,-0.1978729541027273,1
16.89166408365933,2.8018364504640956,1
0.7500371096930643,-4.3203341121377665,0
-2.3189634690795957,-8.262270291179401,0
2.0819679803780806,-8.620910979334841,0
4.123045643201742,-0.5877684965322485,1
13.841925293235292,-1.3647693229352937,1
-1.660753903110992,-4.5291938902841045,0
17.12384106659094,0.40022196968971185,1
9.541117906668124,-0.23493680756739316,1
14.367558290874516,0.19750145756623383,1
8.378358492518169,-0.33718600553310896,1
-1.7124056514657475,-4.335084901665058,0
6.204606298527155,5.444959053598949,1
8.818438649804879,2.1153945825868106,1
-2.5555367625696985,-2.3672683692881598,0
14.555669859989873,1.4226661604297997,1
-4.360025547133435,-6.054865120486019,0
-5.057348657218018,-7.146197987652791,0
-1.244286953223519,-7.766885001009295,0
13.724069270283414,-2.613569397390723,1
-5.381223502136075,-7.480574663906421,0
-9.163889338673005,-7.3108650388801975,0
13.487682134191985,-3.1719007660930725,1
-4.86825551141214,-11.427471847427537,0
11.725754302367138,-0.8235046005233223,1
13.627078600962427,1.7007880329747234,1
-4.79090823924053,-5.696194615233613,0
-8.438489196244847,-6.64588004354774,0
15.183611823441023,-0.9595543276196294,1
5.57588596962722,0.06783313729608842,1
-2.430108547283492,-6.402487439257406,0
16.138389132523923,0.03599306511162394,1
15.077264076697556,0.8604492691527565,1
8.396631334939661,3.456986561672561,1
-3.117494472781166,-8.007298620337897,0
11.205939276568662,-0.18189988123657802,1
-4.7666498438176035,-7.082670801528257,0
-5.556021767222342,-4.609339210214523,0
-7.851887740808943,-4.512684950405707,0
3.046604820191768,-2.1522028754683737,1
-2.374920711254303,-2.573190353209697,1
12.336805976671085,0.7365953279431473,1
8.989305157396053,-2.1519285378910955,1
15.261201297518905,0.17003747043573675,1
-5.803665412000344,-0.6571983769192828,1
-11.656886095266024,-8.09459094464285,0
6.258586621152908,2.6508834601580915,1
9.427775662437227,4.837329490270822,1
12.07253955990792,0.7811639373723263,1
6.266865902857556,0.24971424728131245,1
-0.6263541077661565,-9.89286582577707,0
11.83348624899928,1.6616195994435743,1
-6.8810962204425685,-4.544933899937632,0
12.995067186075559,-1.0586941645997152,1
-6.710912951665687,-7.1541939956906715,0
-6.65208412907643,-4.437690497658702,0
-9.743529761970041,-8.751014066337856,0
-6.024670050073675,-6.44993919910842,0
8.300563680525586,0.7410453465314395,1
12.54865725964684,0.9753232695802344,1
-5.8421738645796975,-6.060492050910105,0
5.4095624977294055,0.9679333372204711,1
-8.535100646385633,-6.909228634027964,0
11.02970907617233,-2.8096474769013797,1
-7.381976784786277,-3.7992100984066046,0
-9.327043272950846,-6.100528007689843,0
-0.19521855075067096,0.20530577064802547,0
13.85466636039573,1.4265287111227423,1
-0.6385285956615396,-7.755916933880983,0
-5.170777975110841,-6.927606721956724,0
-8.065686202738267,-6.272800253411962,0
13.728458135402885,0.9585659905917273,1
-5.649603195945338,-8.472925539071161,0
-1.5315234193993792,-7.023293926242979,0
-8.32452891300364,-4.808341407130277,0
15.147273099627826,-0.8078417324524813,1
-2.8694424748429217,-5.410272081864915,0
17.21073896638726,5.451958963458972,1
7.374426102733535,-2.16186185081758,1
11.945805445479413,1.542029808772089,1
-5.0687340861603705,-4.297701167701206,0
4.409943342191752,2.6155115461916054,1
17.960633450272905,-1.1950287162937598,1
11.76920529814877,1.5980681582954213,1
-4.890042227524476,-6.359780628254583,0
-4.3730484064696356,-6.161518886727976,0
12.38269416092993,0.07936205077809626,1
-0.5061693727834373,-5.559312719742479,0
11.777134498873908,0.5629113423191396,1
-7.133895505839142,-5.901774137489239,0
-4.862263815919005,-3.8113457137852236,0
8.659076013594502,-2.103556413812184,1
-0.24406996938451675,-3.663637456176282,0
15.529979189954187,-3.097029837030903,1
8.119871469513516,0.4105271880281661,1
-6.872643786356075,-4.439684396435412,0
-1.4339846431817325,-8.132090015107824,0
4.372974457851855,0.04740519064709655,1
-6.593152501817117,-5.508213175175121,0
16.10608577124503,3.690990628420059,1
11.520145032735583,1.0680469403203248,1
-5.362231006970212,-8.715416150147124,0
12.179266369444365,4.959338292306979,1
11.12976875262068,0.5451389366634444,1
8.78667924810652,3.828379688398688,1
-5.595695814990607,-8.521023024328608,0
3.019757910594831,2.5479469007741433,1
-4.081488052010683,-6.47464431761657,0
1.03962905544706,-6.54392169688912,0
1.3459408554686894,-6.356521869497459,0
10.704118047761973,0.8714696547709625,1
6.180157564709498,0.41148275896740455,1
-1.0152861822429253,-5.620493370046073,0
17.636814466437983,-0.13521987158384288,1
8.153999638461961,0.3657806096848762,1
-1.5272661996479049,-9.084869664781495,0
10.548406595061694,-4.534697945721618,1
11.395798214842017,-3.1238210109810525,1
3.220335430783777,-8.41400838705589,0
-9.188377404587868,-4.155596751196823,0
14.150599420413933,-0.4569713008983361,1
-2.6430794059925486,-5.197677620382681,0
8.264693343828755,1.9527038738887945,1
3.8950430374184206,0.3360841638894277,1
8.846009581201251,0.6224310535873793,1
6.576843004918637,2.973824584518908,1
9.979677372946602,-0.8101058693878116,1
5.248019439872743,-2.0028015184763697,1
12.550531252847492,-0.6570504116480863,1
-1.114226309849602,-6.3011520197625455,0
9.644457324631638,2.856846232433211,1
-4.881706866996265,-6.813227772767773,0
-5.151558512168339,-6.651905879203402,0
-3.2647577055952652,-4.535616627441878,0
12.169872667819474,0.1390250771589331,1
10.994262176496019,2.348008858345866,1
13.298282685859931,1.5603419263619382,1
-2.39254582775352,-7.076326698711542,0
-4.245633964515012,-4.02823695657383,0
9.756874610220608,2.0527269268144184,1
-1.5685428799736387,-8.484873904120082,0
17.872042620673753,1.3623518769362164,1
-6.766424880441972,-6.987004297640761,0
6.111788125054847,2.1442368255940547,1
-3.971250712313528,-5.161810360198523,0
-1.3573896090993696,-7.45777902688777,0
-6.381101124950815,-5.798666069477237,0
7.293464817595748,1.7238415178545679,1
12.835078589301665,-0.4924962870641953,1
5.971459827181326,0.8030388817719012,1
-5.486310774465427,-4.318197492711746,0
-11.979089918575895,-4.194682012590106,0
-4.8532984170768305,-6.667670055839575,0
19.824938867326164,-3.2298768046428696,1
-5.005208112474524,-5.6340131116867145,0
6.038821655092419,0.49652211240288996,1
1.09481015766859,-5.74264932131827,0
4.639979180583276,4.176969690034908,1
1.7599294011250137,-1.0805931378545663,1
-1.618199410758904,-6.94844898057128,0
3.0209082643684315,-0.9411007521370528,1
4.2654193234456645,0.10641316940575513,1
7.514653107089972,-3.157889049956802,1
-10.633575306177072,-4.696245649943798,0
5.480266500363028,2.46313052912248,1
-4.256473134524713,-9.956088815023302,0
0.6930786056760878,-6.372267914659494,0
-5.909776518170309,-5.512396630328093,0
6.4597660065169435,0.4574240608211584,1
-4.640828460793372,-7.208502996005892,0
15.78808932918599,3.102118151931152,1
-6.273612924502837,-7.35147481031286,0
-7.462311347759059,-2.756792188494512,0
-3.4642176313407527,-7.0507282187695015,0
-0.899183724268735,-7.832646564007581,0
-10.143596002941758,-4.381529922103223,0
10.190140005648082,0.5317797709543843,1
5.167443908844779,0.6823251264759963,1
20.469171727567865,-0.4843624186069446,1
-8.82096142336911,-6.773913702583483,0
-5.792256294322487,-6.564112159424486,0
-3.272775436076812,-4.251203597439197,0
-0.45197506524178177,-4.656830199395277,0
14.78061558488313,-0.046136895075041755,1
-4.068971368909359,-3.3337922716409008,0
-4.5121017586289005,-3.0909414079332826,0
-2.6810233787409707,-8.247077945374338,0
14.051797547158811,1.795551484837929,1
12.191442362044025,3.161626232755058,1
11.192523074535414,-1.4255671673262786,1
-8.780073400782634,-8.255825658710192,0
19.373815707901265,-1.2204066353819976,1
7.125624945057411,4.778242161236667,1
25.723050331394298,-0.17717331866448308,1
15.29177181909397,4.047399933056251,1
-4.212061067320013,-5.0937817334453825,0
-3.8583011042125337,-5.746215720633815,0
-1.598354440291239,-4.158063469292455,0
-5.152859514284294,-5.3260826259865315,0
-5.221911893978144,-4.550654623631115,0
-7.886846924360008,-6.727143503135628,0
0.4201062989579638,-6.085149620141919,0
-0.7048418474268852,-4.822178571256546,0
9.53144788918546,-1.0259561046950096,1
8.389901265158022,0.701838743916633,1
5.213409655877136,-0.028823483957401426,1
-0.9532224528368105,-9.131840067583239,0
10.670255445028126,1.1029120397439962,1
9.560602051536376,-0.37171981075522453,1
-7.069209001955931,-6.470259335247636,0
9.087839558912133,-2.785488098907891,1
-3.049218938676935,-5.542155011901255,0
8.825362683097431,0.5702240990417848,1
-0.2232294490384681,-7.2802811059177,0
9.611308681476586,-4.8256463703744625,1
-8.627407057249886,-6.633073883274,0
11.148630351341138,4.874485343792367,1
16.7046237876727,-0.8605851093910745,1
-1.7662999780622575,-6.674229508497414,0
11.49968163172453,-5.255317410073948,1
16.452316844958172,-0.9622363866456886,1
-5.115386141691922,-8.40478031421502,0
5.306276079735003,0.5015577526333694,1
-1.6778153615409268,-4.561451995837395,0
12.209554880270957,0.9186516316950661,1
8.200676365081389,2.242381882713685,1
-3.182621580726697,-1.9725700179573433,0
-0.9136748136346324,-7.361788641070427,0
-3.9446151852883933,-4.395597601622464,0
16.59915815103792,2.5442367255849088,1
-2.90798341574397,-7.910393657405647,0
-3.0212251863500117,-7.867809095914578,0
13.419606172936172,2.73123780969221,1
-9.922555997113868,-4.3915221724659474,0
17.66963402339788,2.1517457414156103,1
11.777500107406226,1.3253265217131092,1
-1.048331100019519,-9.773227466702394,0
7.627092832893131,-1.177326712393827,1
10.057757411382427,-0.9707856052062771,1
-2.0982008555763603,-5.851880286259097,0
-0.8589095214476452,-8.182095753551238,0
19.112865641557235,1.0242828179049959,1
8.409813889366507,3.8535803494532717,1
-2.1276753382244387,-6.757619477112922,0
-0.409187559871532,-9.072122651555318,0
-5.576804759210274,-6.174498645325353,0
10.645840273832109,-2.506531594236175,1
-6.608390603481964,-10.770873129626047,0
11.050673986308578,-3.6305460777588348,1
5.046298998250511,1.5343280856869248,1
-5.942146034062813,-6.190947116994895,0
4.284010210519798,-1.3656951081549078,1
-1.0536455003370806,-4.022226222459878,0
16.535148712257104,-2.090324133646861,1
-1.550033650276088,-6.424971047715495,0
-0.16752002255006948,-3.3469564639340215,0
9.899416409456187,1.4717571324716971,1
-6.960385508533813,-8.17374747337347,0
-4.5330079330553295,-4.970891660032535,0
14.087464383252126,-2.199310104450277,1
0.9025419381148634,-1.1218123727362148,1
9.702647578448147,0.6027161006883329,1
-3.9567115777438504,-6.430337385976486,0
-2.2565484118665715,-5.549052070473482,0
-5.672056121296885,-5.230244753994221,0
-6.689220116209965,-4.5145955599050405,0
3.301281294698417,-6.871296487781315,0
8.925983417171572,0.10262716217797513,1
20.719023614473695,0.40628016422593316,1
-1.6055567025940536,-11.56928166949466,0
-4.6432178302780525,-5.15418117760412,0
12.792910332638638,-1.1743938236244322,1
10.451112783991194,1.2809188820879942,1
3.672719168546844,3.614825549919868,1
8.935409391118803,0.524081937550944,1
-0.031721955050160844,-9.292969974775675,0
-2.4661261051572354,-6.489376439630673,0
2.46723356130411,-4.60393690443063,0
-2.8424693055756682,-9.787404325040766,0
-6.744268161790838,-4.417258225749448,0
-7.48005696024903,-4.671162337048191,0
2.6934515164111774,-2.5419189954884507,1
14.437244715909133,0.45585360221332755,1
2.246458679329618,-6.275451455213097,0
-6.583029323328738,-6.456508611850672,0
-5.51461037243468,-8.382052844795334,0
-4.033325053413416,-4.439303606114361,0
10.22025799222565,2.7356849440047055,1
1.2237884602364515,-8.643303892018693,0
-4.492346334565433,-5.007490818687588,0
-0.8500645802757338,-8.044984256084586,0
-5.68383150430487,-7.159295260891003,0
-5.041741382397613,-6.7784790946073,0
6.816534354870781,-0.33707144331052474,1
-1.8781698254084613,0.025595113580410316,1
4.61070997468145,2.7915305421135015,1
17.740688737058143,4.281873202539229,1
6.561326798999292,4.42824580953266,1
8.2052135822479,2.093125797922727,1
1.299850866392907,-2.1088230303244324,1
8.8925593516991,-1.6333030048034827,1
10.277023362763483,-0.17672568085741244,1
-3.2453591688167998,-9.436675948254528,0
10.527766786912016,1.4357906815569805,1
14.018785236722914,1.821173077551156,1
5.467087035467711,-0.16293961212851918,1
10.322431010653386,1.1784276452711178,1
0.8271881658068345,0.36052206067339243,1
13.51307239396476,0.8190694529581067,1
-10.46005855485492,-3.795372500419576,0
-7.163083227368713,-3.904064527821504,0
-5.427195079863036,-4.625805812236237,0
-4.948347581540529,-5.426578797035274,0
-7.428958721869241,-3.8699827735091494,0
-3.9341163573923055,-6.740241128763113,0
-4.122146253747001,-8.909820815609184,0
10.113296734531396,2.7006103688227925,1
-4.277659523501521,-7.729959740874918,0
-3.2862202201637656,-7.264499718834694,0
-8.332572017868252,-2.243401775642813,0
21.881897959905814,-0.002212159875593862,1
2.833340550537333,0.45475901039748984,1
4.835756798832688,-1.0851643255771481,1
-4.521240073475317,-6.135480078798773,0
-0.6404599261234618,-5.457613174323981,0
-1.8314923858428096,-9.279812828439386,0
14.880393312313254,1.0935668478519198,1
-4.211137391285442,-6.680111503971785,0
-8.079600240349787,-6.5232124269568486,0
9.97240038904634,-1.6344040346023903,1
7.947643561748707,3.117719415767993,1
14.639842539031957,-0.9609751545494624,1
-4.91674724701807,-6.218947217643627,0
-3.8390029978517335,-5.742621237623598,0
-0.9871831808831528,-9.304318594303432,0
2.6952512021062063,-7.540964074277916,0
4.5995899736934165,0.6775627741786308,1
17.043315573294716,-0.555379044397042,1
10.796990236380825,2.825275157231505,1
20.774173839521737,-0.7787926014927995,1
-0.6862924151889573,-7.852452124705849,0
-1.9223007983961478,-3.2779981906159756,0
-4.636079752632244,-7.0551659757752985,0
4.365419226714234,0.6079650681486585,1
-4.1312866360156635,-4.557615771972006,0
-7.441566258819719,-5.008450623225459,0
17.30918469266595,1.8582118909010874,1
12.721568169025725,1.2205671333312962,1
11.462486360487361,0.37786859838686787,1
-6.194124288259548,-7.646931192471136,0
-3.9419800205370756,-5.69725497298623,0
0.47754783684209645,-6.0496157769384435,0
15.01885742390284,-0.9338152701950025,1
-1.6574120431522914,-0.5735730224600393,1
8.726735433746565,-1.2986586436154994,1
-4.0002779455055695,-5.158298508151396,0
-4.375653829953763,-6.73981487330089,0
2.0675756444359497,0.8357928071283013,1
-6.365149704613774,-5.176530524534325,0
16.159409368799874,0.1502676954689269,1
-4.172767557053182,-4.075012140915003,0
2.836247342081524,2.8326300149704067,1
-1.0134122269692076,-7.447687942636232,0
-4.151924317432793,-4.125520677451963,0
15.412400403557228,-1.3630921482598255,1
-5.490795375566726,-4.801204612212197,0
-2.0941059385927976,-5.641485457719753,0
-6.358412791490881,-4.885640148694753,0
-6.203150710106144,-5.156731054323775,0
1.5651189758256274,-3.6915241051050716,0
-3.5793696346079806,-6.892835431929204,0
-6.591211089201888,-3.9663108958457216,0
-8.23904095860652,-3.3193405219066947,0
16.670688319788212,2.0815308404728756,1
-5.432956763729994,-7.180801009247009,0
7.936410443405369,-0.8981642342445192,1
-4.79173443863655,-5.283854706017755,0
-5.731478934036623,-3.620541850787177,0
-3.0456365518592707,-6.2281304724791795,0
12.953349480583208,-2.564011781160439,1
9.694917222291313,1.2150022788196015,1
-0.18924695268744385,-1.8448256797529252,0
-6.541041707560274,-6.717769918108625,0
6.123532806405731,-1.944087614630188,1
-4.924555285273679,-8.893460769420274,0
-5.236983415178251,-6.324949349525974,0
-3.860045169529693,-6.213257047692798,0
-7.367333136987167,-8.402578419660093,0
9.989514626467912,1.7267680146426714,1
4.391987745253315,-5.943693503592808,0
9.396183838786579,-1.2051076460322536,1
-5.533868809579383,-5.58823970314409,0
-3.6247388601312136,-4.805865830703982,0
1.8887100722349235,2.4016913521246424,1
1.7254625999376643,-3.3943027765752527,0
-7.667685246589124,-3.6256129401416883,0
-6.13175024525693,-6.716192242399669,0
11.506355327176575,-1.4207780388626021,1
-2.516160960429619,-4.6639239585186045,0
9.904768531632236,-3.0310900181257443,1
-3.9181050842248895,-4.709747851005449,0
-2.1409215965046298,-2.303934326244436,0
8.921737265216555,-0.6230961196749674,1
-1.8365586173789805,-9.599670791900909,0
14.54108318467097,-3.39435573598989,1
18.22382247434097,-1.1076435044432673,1
8.88111046372267,2.6658497921139355,1
3.3445587733742403,1.4056062377879857,1
11.801038702543181,0.5526215866694435,1
-3.247458655027894,-5.8122038081355605,0
6.965765276006721,5.690655219696202,1
13.399780400613976,1.6871454298647863,1
-3.6654376809030023,-7.173634079168597,0
8.790976588856765,1.248813106998508,1
10.300214672910839,-3.405231493526473,1
5.023383486111982,-1.4945441539316853,1
3.849332714029533,-0.46359131201016057,1
14.035540558290771,0.9536271665642018,1
-7.255106367975568,-3.6140671661295487,0
7.688164116982783,-1.135392746455613,1
8.443835214732246,1.2177766502327738,1
-5.247957711440679,-5.35546858571082,0
10.47062950950723,2.6085868800632106,1
18.298813149353478,0.9202653199183587,1
-4.577780303039003,-8.051547173018427,0
-2.94783904856284,-7.544828426964681,0
8.3494707160092,-0.5380331448822679,1
7.831582899254276,-0.0863591352172466,1
8.278334789535796,3.678776455101732,1
9.852289257553338,0.783608667665292,1
14.449528281160601,4.117158901644839,1
10.742811814170311,1.2801560694166039,1
11.10881431758148,1.7469745325108008,1
18.66348400945732,-1.8545514608359548,1
-2.9634090128451422,-2.6039357711848297,0
0.4257957028421826,-9.619881729529691,0
-1.4884452610065328,-10.48548635400006,0
12.823141380374466,1.117250843565528,1
7.67981307667787,-5.468932399540508,1
14.493548839899335,1.2100164640416469,1
8.781686931190043,1.772348485039802,1
-5.129179529287995,-5.181638708875647,0
-4.202947809495634,-5.613276208795406,0
-1.5144308563556725,-8.434286002480182,0
-2.8498572372934294,-4.78133654231033,0
-2.9414608969882083,-4.650671643820474,0
-6.402776636734799,-6.0763443454651735,0
-4.8696046903941905,-6.4162397820217265,0
22.47768309129829,0.6923345354735037,1
14.95854459619595,-1.3017334044055162,1
-4.111356301801899,-5.785890613070676,0
14.240541150111692,0.5018276427845293,1
-4.843403048482399,-4.013521428670832,0
14.766173282340159,-1.2335442749064311,1
-8.599662092386776,-6.667193200033217,0
-8.213045036859878,-6.181978557489429,0
-2.8503687505677275,-4.909944282009712,0
24.794149784354797,-1.4818207048587249,1
15.662015719641252,-0.773806935483402,1
-4.923235527822796,-9.377973066252537,0
-6.485177880656879,-3.068662328014268,0
4.877131472518291,-2.5632883404604123,1
-3.2399704675254215,-4.346836148804585,0
-1.3291462923018926,-9.627392841374615,0
-0.3217912850482465,-5.214649993438939,0
10.088148501818145,3.0400348384718017,1
12.359901755166021,0.3247409893149074,1
-5.174606069290421,-5.423780388660845,0
10.55273532955951,-2.5722247328548447,1
-5.1230678930045155,-5.402628967186197,0
7.779881125032252,-3.5620161394189784,1
-3.496529248533436,-7.6248388405157135,0
19.19872578640851,-0.11455744211287487,1
-1.670174002596363,-6.294144403337752,0
-6.984672471812424,-2.9962148363768963,0
-2.7332889270310115,-1.8589768693787114,0
7.404839528444211,-0.15138040626419663,1
-0.6181836670549967,-7.671218524772425,0
-8.380969385330848,-7.6601696670729655,0
20.708279034716888,-0.745629489269816,1